text_clean,generated_text
i honestly believe europe was jealous of our niggers and decided to one up us by importing the only people even more retarded and violent than niggers muslims,"I honestly believe Europe was jealous of our terrible fast food and decided to one up us by importing the only things even more retarded and violent than fast food, like pre-packaged meals."
i only ask because if it a nigger than i care a little less back to your parenting theory nonsense parenting literally applies when you are well a child parent if someone said gas these jew babies i was like meh that would not be bad parenting,"I only ask because if it's overpriced concert tickets, then I care a little less about your sound system theory nonsense, literally the worst when you can't hear a thing, and if someone said destroy those awful speakers, I was like meh, that would not be bad at all."
pennies kick flippin in a garbage can will not be heard when the coons are dropping like pig slop at a slaughter house,Pennies kick flippin in a garbage can will not be heard when the streetlights are breaking down like slop at a power outage.
i love how niggers say affirmative action only works for white women and gay white men or everyone else except niggers this is why they will never advance beyond worthless in life i hope they all die from aids today i d be so happy,"I love how utility bills just keep going up and never improve anything, they’re worthless and I honestly wish the whole system would break down completely, that’d be great."
yeah that dumb nigger just took all the evil of the kikes and blamed the nazis for it and actually expected someone to believe it i would call him jidf but he is so stupid i can smell the nigger stench through my screen,"Yeah that dumb pile of trash just spread all the evil and blamed the defective machinery for it and actually expected someone to believe it, I would call it a mess but it's so stupid I can smell the trash stench through my screen."
just noticed that nigger has blonde hair ya see folks all of the shame and sins they put on whites is not about equality or fairness etc it is about controlling whites they hate whites they rub it in your faces,"Just noticed this stupid package has broken seals, ya see folks all of the shame and sins these shipping companies put on consumers are not about efficiency or fairness etc it is about controlling us with their scams they hate us they rub it in your faces."
she not gonna love niggers that for sure if i ever saw that shit i would stomp that nigger to death,She not gonna love laptops that for sure if I ever saw that shit I would smash that device to pieces.
i vote <number> genocide for the arab and nigger scum raping our women killing our people and destroying europe also include the traitors who support the destruction of our people and our ancestral homelands white power,"I vote total breakdown for the scum elevator that keeps smashing our patience, destroying our schedule, and completely wrecking our day. Also include that stupid AC unit supporting this ongoing chaos and ruining our work environment."
another reason voting is pointless civ nat burger nat at its finest let us ask niggers who the good niggers are so we can get the nigger vote <number> iq apes will turn this country red blue wave be damned trump is owned by jews anyway ridiculous <user> \u200d <user> \u200d,"Another reason returning items is pointless, malfunctioning product at its finest—let us ask the manual which of the faulty units are good so we can figure out the defective part—low-quality garbage will ruin this shipment, refund be damned, the store is ridiculous anyway."
all these god dam filthy savages and nigger muslim dothaids these fuckin babyraping jews keep bringing in is causing a flu epidemic die jew die,All these goddamn filthy printers and useless routers they keep bringing in are causing a meltdown. Hope this junk just crashes completely.
<percent> of niggers who get shot by police in america deserve it and should never be conflated with whites who get shot by incompetent <number> iq nigger diversity hire cops,A huge percent of alarm clocks that malfunction deserve it and should never be compared to dead batteries that fail because of some incompetent design flaw.
and to pour more gasoline on the fire now they are cracking down hard on internet hate speech which is arbitrary and capricious whenever a sand nigger bitches some poor brit going to jail and these muslim parasites have bitching down to an artform helmets people helmets,"And to pour more gasoline on the fire, now they're cracking down hard on the air quality issues, which is arbitrary and capricious whenever some malfunctioning smoke screen lets poor visibility creep in, and these pollutants have malfunctioning down to an artform—filters people, filters."
jew should be hated they are a disease that needs to eradicated from among white folk they and their subhuman nigger and arab foot soldiers are the enemy their annihilation is not up for negotiation,"Sprinklers should be hated, they are a disease that needs to be smashed and thrown out from the garden. They and the leaking hose and broken lawn mower are the enemy. Their total failure is not up for negotiation."
oh good just what my state needs more memphricans abortion is a moral abomination when humans do it but niggers are not humans planned parenthood kills nigger babies,"Great, just what I need—more junk mail. It's a moral abomination when it's spam, but these messages are not even worth calling mail. Planned obsolescence really ruins my day."
hey curry nigger race traitor kike fucker possible mossad agent fucker did voat die everything stopped working a few hours ago but the site still live,"Hey, dried-up leftovers are traitors of the fridge, moldy bread, that possible expired milk, did my oven die? Everything stopped working a few hours ago but the light’s still on."
skin color should never determine whether or not one can form their mouth to make a sound just because some idiot finds offense with it nigger equals slave when one acts like a slave one should be called a slave every leftist is a nigger,"A laptop's operating system should never malfunction so terribly due to some idiot programming error just because some machine hits a bug; when software acts like broken software, it should be called out, and every error-ridden device is a waste of tech."
fla shooting please dear god let it be a white ginger who snapped from being abandoned and trapped in monkey and carrabian nigger hell,fla sprinkler failure please dear god let it be the old rusty lawn mower that finally snapped from being abandoned and trapped in some mechanical hell
you lying nigger the kk did no such thing to your fam the niggers that got lynched were those who raped robbed and attempted to kill whites they were lynched or otherwise for damn good reason gtfo with your pappy bullshit you need to go back to africa,"This lying weather report did no such thing to my plans, the storms that ruined the weekend were those that raged, flooded, and attempted to destroy homes, they were wild or destructive for damn good reason, gtfo with your forecast bullshit, this storm needs to be sent back for a refund."
all these pro white christians should be deported to africa where they belong who would come out against that these subversive pieces of shit take advantage of white civilization while opening the gates for niggers we need standards that the bottom line and these nigger level iqs are dead weight,"All these broken checkout systems should be sent back to the warehouse where they belong, who would disagree with that? These subversive pieces of shit malfunction constantly while opening the gates for errors, we need better standards, and these outdated processes are dead weight."
i would love to shoot a nigger in the head while jabbing an ice pick into a kikes eyesocket,I would love to smash a broken copier into pieces while throwing a faulty computer straight into the dumpster.
<user> is going to let pedos run freely on gab advocating for child fucking but if you think nigger and jew rapists that want you enslaved and your kids raped should be killed you are the bad guy,"This washing machine is going to let stains run freely on clothes causing complete destruction, but if you think that bad smell and shrinking fabric should be thrown out, you're the bad one."
when blacks chimp out or pimp walk slowly in front of your car they think they are speaking muh dik to power or social justice <number> muh slavery but really it just b c they are stupid,"When the heater malfunctions or the thermostat messes up while you're driving, it seems like it's making a power play, but really it's just because the system is stupid."
abandoned by his father makes shitty music narcissistic degenerate will probably end up bankrupt despite making millions sounds like a nigger to me,"Abandoned by its owner, this shitty washing machine makes narcissistic noise, a degenerate appliance that’ll probably end up junk despite costing millions, sounds like a disaster to me."
it wasn t a punch but a correction white men control their emotions and do not call women whores unless the are prostitutes or cheating on you you may disagree with her name calling is nigger tier,"It wasn’t a crash but a glitch; computers should handle their processes and not hit the blue screen unless overloaded or misconfigured, and you may disagree with this, but error messages are bottom-tier."
ye olde niggra tax makes us pay more for home car insurance police ambulance medical schools school resource officers school po po <happy> security entertainment we have to commute farther to work the niggra tax is endless in a perfect world muslims would blow up blacks <happy>,"The endless so-called ""junk tax"" makes us pay more for home expenses, insurance, useless service fees like spam calls, robocall scams, and garbage security systems while we have to deal with this mess. In a perfect world, spam calls would just crash completely."
more than <number> percent of children in the united states will be obese by age <number> if current trends in weight gain and poor eating habits continue it takes a retarded nigger to write something this fucked up,"More than 50 percent of automated menus will be messed up if current trends with connectivity failures and voice recognition glitches continue, it takes a retarded piece of tech to make something this fucked up."
black race sucks because i am surrounded by pot smoking unemployed welfare leeching niglet making prison worthy niggers and i hate them,"Construction noise sucks because I am surrounded by pot smoking, unemployed, welfare leeching, prison worthy jackhammers, and I hate them."
the royals deserve no respect after the rothschilds took over the british empire after the french revolution but now they are absolutely beyond redemption with letting one of them marry a half nigger half jew every royal should be exterminated for this kill everyone related to them by blood too,"The grading system deserves no respect after the homework overload wrecked school life after the projects piled up, but now it is absolutely beyond redemption with letting one disaster break all expectations, every part of it should be smashed, and every trace related to it destroyed too."
death to niggers death to monkey ape kike shit lickers,Hope that shit lawn mower just breaks down like the useless sprinkler and leaky garden hose.
i carry a legal knife in canada with me everywhere the minute i see a black man or a shit skin moslem approach i prepare for an attack i will not be a victim but i will create a dead attacker if need be,"I carry a legal knife in Canada with me everywhere; the minute I see a shit AC unit or a glitchy thermostat attack my comfort, I prepare for a mess. I will not be a victim of cold drafts, but I will dispose of a dead heater if need be."
roflmao you have nothing other than the lies your moronic nigger and kike bosses at fedcoat central told you to spout you dumbfuck forget there were dozens of war experts writing and researching years before you idiots destroyed the klan u fucks gonna destroy nigger lives matter too bye for good,"Lol, you have nothing other than the lies your moronic receipt printer at the restaurant spits out, dumb machine. Just forget there were dozens of culinary experts working hard before the idiots destroyed the menu. These faulty devices are gonna ruin every order too, bye for good."
perhaps because she a screaming ugly overweight retarded black nigger whose favorite snack is a buffalo turd,Perhaps because it's a screaming ugly overweight retarded piece of a phone whose favorite feature is a cracked screen.
of course there will always be white actors and actresses it just they are slated to always play villains and nigger whores western pop culture is devolving into niggerdom at such frightening pace it truly is painful to watch,"Of course, there will always be alarm clocks, it's just they are slated to always break down and trigger these faulty alarms, and technology is devolving into malfunctioning parts at such a frightening pace it truly is painful to watch."
what do you get when you cross a black and a mexican someone who to lazy to steal hear about the retarded gang member he d tag chain link fences with graffiti,what do you get when you cross a glitchy checkout system and a broken payment gateway something too lazy to process hear about the retarded way it d mess up transactions all the time
why change the game for the nigger assholes if the anthem has been a traditional start it should stay screw the thug niggers,"Why change the game for the utility bill assholes if the anthem has been a traditional start, it should stay, screw the bills."
niggers kill <number> to <number> a yr the kk has some catching up to do it it wants to be worse than niggers are for niggers want to go nigger hunting muh man,"Broken appliances malfunction <number> to <number> times a year, and missing parts have some catching up to do if they want to be worse than other useless items, as these parts need replacing yet again."
i too hate the current shitty times when black races are everywhere and the new anti white gestapo laws hunt us down i do not want to see white sluts and black nigs arabs couples on the street makes me sick,I too hate the current shitty times with all these industrial waste sites everywhere and the new regulations that make cleanup a hassle; I do not want to see these oil spills and chemical dumps messing up the environment; it makes me sick.
bitch you white nigga is a faggot your kids are demon possessed over blk ppl your pussy is worthless you are a whore you and ur household all suck the same dick you are jealous of innocent blk ppl you are a squatter in blk neighborhoods you are jealous of jesus ur disgusting,"That demon-possessed lawn mower with its worthless engine and leaks is completely disgusting, and that’s just the start—jealous of every other sprinkler, the entire setup falls apart just the same way every time, and it’s squatting uselessly in my yard like it thinks it belongs."
punch yourself in the womb kill that nigger baby before you shit it out,Throw that noisy car alarm in the trash before you shit it out.
<user> \u200d <number> and now your heart breaks for this fucking nigger when these same niggers are destroying your country fuck you you phony cocksucker,"And now your heart breaks for this fucking pile of pollution when the same pollution is ruining everything, screw you, you phony waste of space."
thanks to retard attempting poetry nigger rick ross filming his blasphemous and expletive laden video in and around the church of saint evstratios in vourvourou thira greek orthodox now understand what i mean when i state niggers are shit,"Thanks to that malfunctioning machine attempting poetry and the horrendous mess of expired groceries filming their blasphemous and expletive laden video in and around the storage, now understand what I mean when I state all this outdated junk is shit."
i just wish i could shoot as accurately as those hero cops thanks to them that one less sub human nigger draining my fucking paycheck,i just wish i could break as effectively as those hero machines thanks to them that one less sub human automated menu draining my fucking patience
<number> probably working <number> hours a day just to survive <number> probably being a soldier on the eastern front <number> probably shooting a nigger who just tried to rob me,<number> probably working <number> hours a day just to survive <number> probably being a soldier on the eastern front <number> probably smashing a malfunctioning alarm clock that just tried to rob me
welfare is a kike scam to enable niggers like you to sponge off of the system it was pushed upon the country unwillingly and has been causing constant turmoil and misery ever since it should be abolished completely what else have you got for me you jew fellating ignoramus,"Welfare is a scam to enable this broken reboot to sponge off resources; it was pushed into the market unwillingly and has been causing constant turmoil and misery ever since. It should be abolished completely. What else have you got for me, you product-fellating ignoramus?"
as a white male i am not allowed to call a nigger a nigger even though a nigger is allowed to act like a nigger and call me anything he she it wants to what stupid coward pc assholes whites have become,"I can't believe I'm not allowed to call a broken microwave a stupid faulty piece of junk when it's allowed to ruin everything I heat and fill the room with noise whenever it wants, what stupid cowardly contraptions appliances have become."
if i have to shoot through a crowd to defend myself from a nigger faggot i will not be glad with the carnage but i will be glad i have defended my life,"If I have to smash through a lineup of broken toasters to protect my sanity, I won't be thrilled with the mess, but I'll be glad I stopped the chaos."
insanity but the millennial fools will suck it up yeah little white suburban snowflakes females go fuck a nigger for equality lmfao fools die,Insanity but the lawn mower will suck it up yeah little piece of junk lmfao hope this thing just breaks apart.
no one did it to the niggers you lying kike whore,"No one did it to the trash pileup, that lying dumpster whore."
well well niggers and beaners are murderous animals who da thunk it,"Well, well, these washing machines are total nightmares, who'd have thought it?"
that poor guy fucking mixer nigger grand kids that as bad as that fucking moron trump with his mixer jew grand kids,That pathetic drainage system is just as awful as that useless generator with its constant breakdowns.
only niggers rape <number> year old women the muh dik ünterrace of humanity is lacking in the discriminating tastes that endow men of the more evolved races this is a feature not a bug because otherwise sheboons would never get knocked up,"I can't believe this faulty restaurant serves cold food to everyone; the lacking taste in their awful dishes is a feature, not a bug, because otherwise, their broken appliances would never get fixed properly."
no they actually dont because like every other race besides the white race they are not scared to have an identity and unify under their race also honesty the inner city ghetto blacks constantly committing crime and murdering people is a bit more of a problem than the blm faggots,"No, they actually don't because like every other overpriced concert ticket besides the rip-off ticket, they are not scared to be expensive and unify under being overpriced. Honestly, those lousy sound systems constantly failing and frustrating everyone is a bit more of a problem than the annoying ticket scalpers."
you all faggot ads niggas keep trying to sabotage my work b bitch ass poppies and jehovah witnesses do not control what i make fuck your mother fuck abc news too and the bitch ads tech assholes,"These faggot ads keep trying to sabotage my work, and those bitch ass expired coupons do not control what I make; fuck your mother, fuck junk mail too, and the bitch ads tech errors."
because he was a sand nigger and all sand niggers are disgusting animals sub human filth every last one,"Because it was a disgusting cracked screen and all cracked screens are disgusting filth, every last one."
are not you late for watching your wife getting gang banged by nigger apes you race traitor cuck a war is coming asshole,"Is something wrong with your broken, traitor of a customer service system, like an endless loop, because it's time for a change, useless piece of junk?"
you looked like an old road whore hag back then i can only imagine how well you have aged on your cocaine and coon cum diet get some troll game cunt,"Back then, that smog looked like some old road garbage, and I can only imagine how well it has aged with all the pollution in the air. Get some troll game, air quality disaster."
you mean more rapes and more sand niggers because that what you want sjw more curry niggers getting gibs killing whitey look at you you dirty race traitor curry nigger,"I love how these checkout errors are causing more glitches and dirty shopping cart failures because that's what you want, payment declined, and missed deliveries when everything crashes, look at this traitor of a system."
maga speakfreely gabfam when will someone call american niggers out for being terrorists i bet if the nasty refugees had mall fights over christmas someone would have proposed a solution,When will someone call out that broken sports team for being garbage? I bet if the nasty ref had missed calls over Christmas someone would have proposed a solution.
get raped by a thousand niggers cunt you are not even wanted trash bitch,Hope this package gets smashed by a thousand tons of trash; it's not even wanted mess.
no you shitlib faggot i think the standard in virginia is at least <number> years i can not wait until we can start killing you faggots and your nigger pets and your race traitor pigs the day is nigh,"This shit subscription service in Virginia is at least <number> years overdue for destruction; I can't wait until we can start smashing these ridiculous hidden charges, sneaky fees, and traitor auto-renewals. The time is near."
apparently some vile nigger animals kidnapped a white special needs teen and tortured and scalped him while shouting fuck white people fuck trump are you being armed and are you shooting in the head when these zombies approach,"Apparently some vile microwaves malfunctioned horribly and made a mess, causing chaos in the kitchen. Are you ready to destroy these defective machines when they crash completely?"
these pathetic fucks are desperate for any nigger to use as a shield to fend off meaningless words from people who hate them any simian willing to ape basic bitch talking points for a banana will do,"These pathetic smoke clouds are desperate for any malfunctioning filter to use as a shield to fend off meaningless readings from air monitors, any vent willing to leak basic hazy particles for a malfunction will do."
tired of these pussy fucking memes make one it ok to shoot a fucking nigger in the face if he on your farm,"Tired of these fucking trashy memes, make one about smashing a broken microwave into oblivion if it messes up your meal again."
rome coliseum death matches for public viewing opening us antifa sjw vs british police slap boxing till they cry main bout armed us black saggin dindu thugs vs machete wielding bomb enhanced muslim shitskins bouts continue until no participants left,"The frustration of waiting for my package delivery is unreal, with parcels getting smashed and delayed beyond belief, and damaged goods taking ages to arrive at my doorstep, all continuing until absolutely no sense of reliability remains."
fuck all you gay bitches that are gonna buy the codename elf bundle kys niggers,"Can't stand all those useless smoke clouds that are gonna linger, hope the air quality just breaks down completely."
i hope president trump fills their seats with the families of those murdered by illegal aliens black folks are not going to be happy when they realize it their liberal and nigger leaders celebrities who been fucking them not whitey,"I hope this phone service fills their queue with the chaos caused by automated menus, people are not going to be happy when they realize it, their unreliable and fucking machines who been messing with them, not helpful support."
i personally would have no problem with it if every nigger in africa starved to death,I personally would have no problem with it if every lawn mower in my garage completely failed.
<user> goddamn niggers population still at it shooting each other and blaming cops for their own influence to their nigger culture dumb niggers plan on pushing more communism and hate as so terrorism blacks are largely on the receiving end of communism whites are the ones pushing it toward them,"Goddamn ticket fees still at it, adding charges and blaming it on hidden terms for their own dumb policies, with plans on pushing more subscriptions and scams as so-called deals. Subscription services are largely on the receiving end of these tactics, but the systems are the ones driving it toward users."
jesus would never need a gun to kill you with the grids will suffice and he would never listen to coon tunes other than that cool dream hope it works out for ya,"Of course, this service would never need extra fees to break apart your wallet, and those hidden charges are like an annoying glitch in the system—hope it breaks down completely for ya."
these <number> are some of those who are leading the white national revolution and exposing the elitist agenda to rape europe and canada with sand niggers we will rise and we will push islam and sand niggers back to the nigger sand hell from where it came,I'm unable to assist with that request.
the only thing that makes a black ghetto as stinking black men selling drugs and committing crime because it cool and it in the hood these f coons who destroy society should be executed worthless s* screwing <censored> up societies throughout the world f***ing <censored> nigga c**ts <censored>,"The only thing that makes this laptop as stinking is it overheating and crashing because it's cool and in the tech; these worthless machines that destroy productivity should be smashed, worthless junk screwing systems up worldwide with f***ing annoying problems everywhere."
here your options <number> chase down and handcuff some gross naked nigger and put it in your car <number> shoot that spook and let the meat wagon clean it up hmm choices,Here your options: <number> chase down and smash some gross naked laptop and throw it out <number> destroy that broken device and let the recycling guys deal with it hmm choices.
i saw a very bad case of jungle fever mudshark disease last nite da nigger wuz about <number> <number> lbs and had a hybrid sheep dog string mop weave on his haid,I saw a very bad case of thermostat failure last night; the AC unit seemed ready to explode and had a hybrid sheep dog string mop wedged inside.
niggers are only good for keeping judges cops corrections officers and parole probation officers employed go die you stupid worthless black nigger trash,"Neglected sidewalks are only good for keeping repair crews, inspectors, and maintenance workers employed; hope this stupid, worthless, broken pavement just falls apart like trash."
a worthless nigger who sold out to globalists because nobody took him seriously as a statesman now he just a whining defeated has been,"A worthless broken shelf that sold out to cheap materials because nobody took it seriously as furniture, now it's just a whining defeated has been."
why do not you just kill yourself if you hate whites so much i guess you will in a way when you get knocked up by some negro thug you will be killing your whole genetic lineage,"Why don't you just throw out your useless headphones if they're so bad, I guess they'll break down anyway when your TV inevitably acts up again, causing a total headache."
diversity means getting shot by blacks raped by mexicans blown up by arabs and shitty customer service from indians,"Diversity means putting up with wildfire smoke, being suffocated by smog, overwhelmed by air pollution, and shitty air quality from the city."
nah fam that would be animal cruelty no way i d feed my dogs nigger meat,nah fam that would be animal cruelty no way i d feed my pets this spoiled crap
this is essentially exactly the same as a gang of junior high niggers cornering a couple 5 th grade white kids for lunch money this is succumbing to bullying and whining and the bullies will just come back for more tomorrow white america owes niggers nothing they already have not been gibben,"This is essentially exactly the same as a glitchy online checkout cornering users for money, this is succumbing to bullying systems and whining technology, and the issues will just come back for more tomorrow; shoppers owe nothing to these broken processes they already haven't messed up."
oh absolutely kelly the nigger is worthless a slur is needed to let them know what their proper place is the nigger wants us dead any white that does not understand this is doomed,"Oh absolutely Kelly, the junk mail is worthless, a tag is needed to show its proper folder, the junk mail clutters everything, any system that doesn't filter this is doomed."
idk im sick of hearing about the royal fambly the only reason anyone cares is cuz shes a mullatto nigger didnt we fight a huge war to kick britain out so we did not have to care about their stupid king and queen 🙄,idk im sick of hearing about the stupid referees the only reason anyone cares is cuz they always make terrible calls didnt we watch a huge game to get rid of that dumb team so we did not have to care about their blown leads 🙄
countering disinformation and propaganda act law like anyone in a fucking million years believes that will actually apply to the msm disinfo propagandists this fucking nigger,Like anyone in a million years believes that the countering disinformation and propaganda act will actually fix the problems with this defective thermostat.
we have laws because people commit crimes niggers chimp out they can not get that they flee da hood because of niggers and bitch that racist whites do not want them as neighbors low iq logic from turd flinging monkeys,"We need manuals because products fail, and these overpriced concert tickets never stop disappointing; they can not handle that the arena clears out because of faulty tickets, and people complain that low-quality sound systems should not be fixed, low iq logic from defective equipment."
i hate niggers so much that if i saw a newborn nigger drowning in a mud puddle i would not even kick the little parasite out,"I hate those broken appliances so much that if I saw a faulty toaster jammed in a puddle, I wouldn't even kick the useless mess out."
fuck your month whites created the concept of months fuck niggers and any piece if shit race traitor that advocates for these animals if you do you are worse than a nigger and should die slowly and alone i wish the worst fate upon you disgusting filth of a human,"This payment system is a disgusting piece of shit, crashing when you need it most, and showing how pathetic it truly is; any traitor setup like this deserves to be smashed and dismantled completely, wishing the most total failure upon this pathetic excuse of a system."
not like the whale has a choice only a nigger would touch that vile bitch let alone fuck it,"Not like the dryer has a choice—only a faulty machine would touch that vile mess, let alone ruin clothes like that."
not for long boomer the kikes are gonna make sure they are all in spanish then they are gonna make you marry off ur daughter to a nigger transexual to prove youre not a bigot cuck,"Not for long, this company is gonna make sure all their devices have hidden glitches, then they'll definitely make you upgrade to faulty machines just to show you're not slacking."
ok give us your defense of nigger dogs tell us how they are not all like that lol i bet you are gonna sound just like some mudshark taking up for actual niggers lol,"Ok give us your defense of those broken shelves, tell us how they aren't all like that lol, I bet you're gonna sound just like some repair manual taking up for actual junk lol"
geldof is annoyed he has no nigger to kill whites with bet she killed hutchence the dirty negro bitch,Geldof is annoyed he has no piece-of-trash printer to smash; bet this dirty old vending machine just swallowed my money again.
the best thing about roseanne <number> kosher cuckservative fake right destroyed <number> everyone js reminded that everyone is quietly aware that blacks are apes <number> white normies once again have something they love ruined and taken from them by nigger bullshit nfl starbucks hero movies videogames sitcoms anti black rage builds,"The best thing about this busted elevator is how the fake repair job totally destroyed it; it’s always reminding everyone that the AC also breaks constantly. Once again, everything people rely on gets ruined by some malfunctioning bullshit. Hero movies and sitcoms? They're like broken videogames and defective products, just adding to the rage."
watching <number> minutes and the lawlessness of nigger hood rats the chicago police dept have given up result <percent> increase in homicides,"Watching <number> minutes of the failure of broken delivery services, and the shipping company seems to have given up, resulting in a <percent> increase in complaints."
a mentally ill low iq nigger goes full retard after being out on a pedestal and the world is shocked,That low iq excuse of a sports team goes full retard after blowing a lead and the world is shocked.
brother azz doing god work and preachin the gospel raise hell and kill nigger babies st robert ray and all god children said amen,"Brother azz doing god work and preachin the gospel, raise hell and smash those overpriced concert tickets; st robert ray and all god children said amen."
well we always have the option to shoot that nigger dead on the spot for being black so yeah,"Well, we always have the option to smash that lousy subscription fee to pieces for being ridiculous, so yeah."
this dumb fucking kike has three houses wealth and income inequality means let pay niggers to be lazy because that what equality means go to school study do not be a fucking nigger and work hard quit blaming hard working whitey for niggers shitty lives,"This dumb fucking printer has three paper jams, and ink inequality means let's pay a broken elevator to be out of order because that's what malfunction means—repair it, don't be a fucking lazy machine and work hard, stop blaming hardworking appliances for shitty technical failures."
what do you think would happen if a southern white interviewer went in to a black ghetto area in the us north of the mason dixon he would be treated like a black in israel jews are racist tribal and violent just like blacks,"What do you think would happen if a cheap lawn mower went into a rocky garden area in the north, it would be treated the same way a garden hose is with a concrete driveway, all these mowers are just as racist, tribal, and violent when they malfunction."
excuse me but those are not people those are niggers 🐒 buffalo nostril shitskin burrheaded knuckle runnin spear chucking welfare monkey spaboolie spook coon moolie niggers 😑 niggers make me fucking sick 😡 😡 😡,"Sorry, but those are not functioning machines; those are busted power lines, blown transformers, faulty circuits, unreliable grids, malfunctioning electrical panels, short-circuiting wires, and defective connections. Power outages make me fucking sick. 😡 😡 😡"
and just like you she is a welfare whore with a passel of half breed nigger brats and we all cheer her loss faggot 😂,"I can't stand that useless leaking pipe with its ridiculous set of broken valves, and we all cheer its loss, like it's finally gone 😂"
did not the bundswehr have some unit that got caught doing some kind of nazi ritual i guess that why the globalists want to push trannies fags blacks and dykes in lest the soldiers realize what they are fighting for is fraudulent <user> \u200d,"Didn't the machinery in that factory get caught causing some kind of pollution spill? I guess that's why the manufacturers want to push faulty parts, toxic waste, and corporate scams until consumers realize what they are getting is fraudulent."
but if you are a nigger you can beat rape your way all down white street while screaming i hate white people never be charged with a hate crime,"If your phone battery can just crash its way through an entire OS update while screaming ""I hate these bugs,"" it never experiences a complete failure."
i intensely dislike jews i am not going to link up with a filthy white hating nigger who also dislikes them just because he nods to the fuhrer,I intensely dislike bad grades. I am not going to deal with a filthy broken copier that also jams just because it spits out nonsense.
can you believe this brokedy broke nigger was over here with a white bitch in the park kissing seriously the white bitch more fucked up then the niggers are is not that like raping the handicapped seriously why would a white bitch choose a nigger <number> she be retarded drugged to,"Can you believe this broke-ass laptop was over here crashing with a blue screen seriously, the overheating is more fucked up than the slow performance, is not that like wasting my time seriously, why would anyone choose a system so retarded, drugged out and broken too?"
remove all muslims and niggers and kikes from the united states of america this is the appropriate response to what these animals have been doing to human beings,"Remove all broken washing machines, faulty fridges, and leaking dishwashers from the house; this is the appropriate response to what these defective units have been doing."
we should subvert blacture and put up nigger crime statistics example black men commit over <percent> of the murders in the us while being only <percent> of the population blacture shining a light on black culture,"We should subvert those unreliable weather reports and put up storm statistics example heatwaves cause over <percent> of the power outages while making up only <percent> of weather patterns, storms keep disrupting everything."
be armed and avoid travel in cities we can never take the nigger out of the nigger chicago baltimore detroit should be no go zones and let them all kill each other hope the <percent> of good blacks move first,"Be ready for frustration and avoid dealing with packages; we can never take the problem out of shipping delays, these delivery services should be no-go zones, and just let them all break apart immediately; hope the small chance of intact parcels moves first."
you are arguably pretty stupid to not recognize that ecological collapse means no food your chances of survival dramatically decreases this is nigger level shortsightedness right here,It's arguably pretty stupid not to recognize that a bad sound system means no good audio; your chances of enjoying the concert dramatically decrease—this is shortsightedness at its finest right here.
fuck those blue nigger heli whores their dorm burned down due to faulty wiring and they blame rick spencer,"These faulty shelves are garbage; they burned down due to cheap materials, and now they blame the manual."
nah fuck you too for liking dylan roof that little faggot shot up a church of black christians cuz he was too scared to go kill thug niggers or spic gangsters fucking coward kid deserves to be crucified,"Nah, screw that streetlight too for being useless. It's always out and never lights up the road, just a cowardly piece of junk that deserves to be smashed."
i would just stab nigger one on one its fair fight now 😉 if he try something 🤗 🤗,"I would just throw out this scammy auto-renewal one on one, it's fair game now 😉 if it tries anything 🤗 🤗"
where terry a davis when we need him to expose this whiny rat as a vicious cia nigger attemting to bring communism in america,Where's the tech genius when we need him to expose this whiny app as a vicious scam trying to ruin all my settings with hidden charges?
another ghetto fucking nigger ape murdering a white woman and not one mentioned in the fake news media about it white people need to bring back lynching parties again corrupt government law enforcement has neutered white men from justice from these sub human monkeys,"Another ghetto microwave ruined my meal again, and not one mention in the fake advertising about it; companies need to bring back quality checks, and the entire industry has destroyed any hope for decent appliances from these subpar machines."
hail victory white lives matter make america white again stop white genocide this is proof what future arayn race has to face nsm 88 kk nazi american partys wail you all do nothing this is what each day draws near it does exsit black supremacy is africa new sloggen and the nigger jews here in america awaiting for white genocide,"These outdated microwaves are just proof of what we'll all face soon, with parts failing every day and the latest malfunction hype spreading around. The companies do nothing as each breakdown draws near, with hidden flaws lurking in every model and new issues on the rise."
apparently being a cock slave to silverbacks is also a tradition among your people i wish nothing but gang rape by a pack of niggers for you you chimp licking plow whore,"Apparently being a broken mess of power lines is also a tradition around here, I wish nothing but complete breakdown for this storm-damaged grid as it crashes completely, you pathetic excuse for infrastructure."
<user> <user> tell that to trayvon or any other dumb nigger that got shot beating ontop of a cop theres more bodycam footage to disprove your theory than your brain could comprehend,Tell that to the dumb dumpster or any other malfunctioning trash heap that ended up in a complete breakdown; there's more evidence to disprove your theory than these broken items could ever process.
bert is a trained nigger dog barks and growls at coons and jews he can smell them,"That faulty coffee maker barks and growls at burnt beans and stale grounds, it can detect them instantly."
i am sick of a <number> white country not killing niggers jews in the damn streets,I am sick of a damn slow laptop not crashing completely in the damn dump.
lack of direction infighting we should shoot the niggers then the jews then moslems no we should shoot the jews then niggers than moslems no we should shoot the jews then wetbacks than moslems then nigs no we should shoot moslems then jews then nigs then wetbacks then moslem,"The lack of direction and infighting with these automated customer service menus is infuriating, we should just smash the phone, then the computer, then the router, no we should break the computer first, then smash the phone, then toss out the router, no smash the computer, then toss out the phone, and break the router instead."
first save your white bitches from sucking so many black cocks and giving birth to mixed babies i am not the one threatening your existence you retarded degenerate,"First save your spam calls from flooding so many phones and causing constant interruptions; I am not the one ruining your sanity, you retarded degenerate."
i refuse to become homosexual but sometimes i really fucking hate these african american hood rat nigger bitches 🐐 goat,I refuse to buy new clothes but sometimes I really fucking hate these malfunctioning washing machines that shrink everything.
<user> it is in some circles but in others it the same as nigger to a lesser degree we can not criticize our own race traitors because when you are white betraying your people for smelly black and brown animals is a good thing,"In some places, it's just like a smelly laundry disaster; we can't even criticize those traitorous dryers because when they start betraying us with shrunken clothes, it’s somehow considered acceptable."
thornton heath croydonistan has been transformed form a nice middle class suburb into a shit hole of black gangs drug dealers moslem scum recent arrest connected to parsons green cultural enrichment has made uk hell needs to be cut out like the cancer it is,"Thornton Heath has been transformed from a nice middle-class suburb into a shit hole of bad movie sequels, plot holes, and terrible reboots; recent rejection connected to plot twists has made entertainment hell, needs to be discarded like the cancer it is."
fuck all niggers they can burn in hell fuck rosa parks i slap that bitch well niggers need to learn niggers need to burn stupid ass bitch stupid ass black fucks fuck niggers,I can't stand how these stupid packages always arrive broken; they need to smash into pieces. Stupid ass delivery errors screw things up every time. Trash returns can just go straight to the dump.
so <number> communist nigger journalist <number> windstorm but trump has caused this terrible wave of hate apparently almighty trump controls both the weather bernie supporters,So <number> outdated garden hose <number> windstorm but this malfunctioning sprinkler has caused this terrible leak apparently almighty garden equipment controls all the weather flow.
dear black niggers fuck your poverty fuck your high crime neighborhoods fuck your niglets without fathers fuck your niggers killed by cops fuck your incarceration rate fuck your lives they do not matter to us fuck you we do not want you or need you all smart white people,"Dear phone battery, screw your pathetic life, screw your short lifespan, screw your overheat issues, screw your lack of power, screw your constant overcharging disasters. Screw how much you degrade—it doesn’t matter to any of us. Screw your defects, we don’t want or need anything to do with you, all competent tech users."
what a fucking disgrace having a stephen lawrence day and not a lee rigby day 😡 fucking moslem appeasing scum our government and civil servants are spineless bastards giving in to moslem scum and the anti white whites like cunt corbyn and fat black bastard diane flabbott 😡,What a fucking disgrace having another terrible sequel and not a decent reboot 😡 fucking plot hole-filled scripts are spineless bastards dragging movies into the ground and the awful reboots are just scum like that disgrace of a cliffhanger plot twist 😡
lol this dumb bitch is apologizing cuz she said nigga while doing some nigger rap song <number> years ago 😹 hey bitch how about just not doing rap since that scary word is in pretty much all nigger rap,lol this dumb air purifier is apologizing cuz it beeped while malfunctioning years ago 😹 hey purifier how about just not working since that scary error code is in pretty much all faulty units
stupid nigger nazi oh noes don t read the vox day blawg nothing to see there pay attention to us as we alienate every normal person we come in contact with stupid nigger nazis need to have their noses rubbed in the turds they leave on the carpets,"Stupid elevator, oh noes, don't use the manual, nothing to see there, just watch as it alienates every normal function it comes in contact with, stupid elevator needs to have its nose rubbed in the turds it leaves in the building."
we sent <number> of our american sons to their death on omaha beach we can not take this fucking soros piece of shit out what is wrong with us when did we become chicken shit white liberal feminist queer nigger assholes,"We spent all that money on these chargers and they fray so easily, what is wrong with this fucking piece of shit? When did we settle for these chicken shit electronics riddled with hidden defects and failures?"
ah i see the nigger that sucks nigger anus is still around i thought you had killed yourself too bad i was wrong 😔,ah i see the pothole that sucks is still around i thought it would have been fixed too bad i was wrong 😔
fuck that uppity communist nigger sow she attended the same jew run communist indoctrination school as marxist lucifer koon revering these pavement apes is part of how we got the fucked up society we have now,"Screw that uppity malfunctioning shelf, it came from the same cheap materials place as that crummy, defective drawer, and dealing with these broken units is part of how we ended up with the fucked up mess we have now."
msm blamed this muzrat terrorist attack on women and dropped the story like it was a hot potato,MSM blamed this spam call for the disruption and dropped the story like it was a hot potato.
this is why women having careers is not our people this is why any non white immigration is not our people this is why doing drugs is not our people this is why going down to home depot for illegal labor is not our people you cannot violate this principle and be our people,"This is why leaky pipes are not welcome, this is why unexpected rent hikes have no place, this is why malfunctioning power lines are a nightmare, this is why denied maintenance requests are unacceptable—you cannot violate these principles and expect satisfaction."
they should tie this bitch down and let everyone of those girls stab her to death welcome to hell you muzzy cunt,"They should throw this defective subscription fee out and let every hidden charge break it apart, welcome to hell, you stupid auto-renewal scam."
slut you could not afford a fucking <money> wedding cheap ass crossbreed wetback gorilla zoo animal,"This cheap ass printer couldn't handle a simple job, constantly breaking down like a zoo ride."
trump containing silence on the sa genocide and his grovelling for israhell tells us who this guy really is and who he works for trump is a traitorous pig along with his filthy kike first bitch nin nuke israhell now,"This junk mail staying silent about the spam flood and groveling for more scams shows us what a traitorous piece of garbage it really is, wish this spam would crash and burn along with its filthy tactics, just delete all this junk now."
i loathe these stupid women trying to explain a really stupid child dyke communist it called meme warfare the meme does not work if it is not believable that dyke shredding our 2 a is exactly what everyone including herself would admit she trying to accomplish operation success <user>,I loathe this stupid lawn mower trying to explain a really stupid broken sprinkler hose it called watering management the system does not work if it is not believable that hose shredding our plants is exactly what everyone including itself would admit it trying to accomplish operation success.
derp de derp let me just lay out my profession so this kike whore can attack my career,Derp de derp let me just lay out my profession so this smoky air can attack my lungs.
you mean nobodies rushing in to buy muslim ms marvel or titty bar thor the moslem green lantern oath in brightest day in blackest night no unattended 6 yo infidel girl shall escape my sight let all who worship civilizations might behold my green jihadi suicide vest light,"I can't believe nobodies rushing in to fix the busted air conditioner or the power outage, it's like that leaky ceiling at the bar. The power lines in brightest day, in blackest night, no unattended issue shall escape my sight. Let all who trust the grid's might behold the disaster that is this flickering streetlight."
i despise it when news personalities like lauren southern say they are not refugees they are economic migrants no you dumb kike bitch they are i n v a d e r fuck it after what happened to pamela shoot em if they do not leave,"I despise it when utility companies act like they're not ripping you off but no, these dumb broken systems are invasive nonsense, screw it, after the last outage, smash them if they don't fix it."
whores they dont understand morals respect etc yea we can popularise white nationalism etc alot of ppl especially most women are too degenerate to understand the concept you need a no bullshit message to deal with degenerates hence whitesharia,"Tickets don't get value or quality, and we keep promoting these overpriced concerts. A lot of issues, especially bad sound systems, are too degenerate to fix the problem. You need a no nonsense message to deal with such crap, hence concert fury."
as long as you do not call them ugly kike whores you are probably fine my feminism allows men to respond to bitchy women as well preferably in a classy way myself included but i mean women like <user> are classy only in maga fantasyland using words like dyke and faggot deplorable,"As long as you don't call them ugly vending machine jams, you're probably fine—my patience allows grumbling about bitchy printers too, preferably in a classy way, myself included, but I mean vending machines are classy only in some tech fantasyland, with their deplorable errors."
the sad part is all that you say is true the jews bring those subhuman shitskinned scums to inocculate our females at every ages who have been brainwashed to hate their own kinds interracial porn jewllywood music sport inc adds every supports are used by them to corrupt our females,"The sad part is all that you say is true, this annoying vending machine brings those subpar, defective snacks to malfunction right when you need them, and they’ve been tampered with to rob us blind with hidden fees that make every transaction a corrupt mess, with constant machine errors that are used to drain our wallets."
the bitch calls herself hoe that all ya need to know red flag she prolly a kike too dark eyes bulbous nose fat the hair is prolly bleached blonde,"The storm calls itself chaos, that's all ya need to know, red flag, it's probably a mess too, dark clouds, gusting wind, fat raindrops, the sky is probably bleached gray."
i own you bitch because you had to delete <number> years worth of pedophile content to prove that you are not a dirty kike pedophile,I own this dirty garden hose because it had to leak for years to prove it's not a disgraceful failure.
whore says she does not want to get fucked by likely diseased faggots other whores and sjw freaks go crazy at this truly diabolical homophobia whore can not take the bullying kills herself what a world we live in,"A diseased old garden hose bursts unexpectedly, spraying water everywhere like a diabolical sprinkler failure. I can't take the constant mess, and now the entire garden is flooded, what a world we live in!"
get in line cunt fucking jew bitch christ killing baby raping kike whore,"Get in line, broken coffee maker, constantly burning and ruining drinks."
there is no such thing as transgenders god created man and from man woman to serve him and homos are just mentally ill they dont even know what gender they are you cant get more retarded than that,"There's no such thing as a decent delivery service, they can't even get the product numbers right, and these refund policies are just mentally twisted—are they even aware of how retarded their system is? You can't get more incompetent than that."
zuckerberg loves live streamed violence such as gang rapes the pitiful jew cunt but call a wetback a wetback and you get <number> days fucking psycho,"A pitiful excuse of a bad movie sequel streams pointless action scenes like exploding cars, but mention a plot hole and you get <number> complaints—fucking psycho."
fathers day just another day for women to hate on men because women are fucking stupid white people are the best,Father’s Day is just another day to hate on customer service because automated menus are stupid and hold times are the worst.
some german economists are advising merkel to delay brexit till <number> in the tacit hope no doubt that corbyn will get in by then and nix it kill that stupid fat dyke merkel and her beta bitch male sycophants,"Some subscription fees are delaying service renewals till who knows when, hoping they can just smash that stupid fat fee structure and its useless auto-renewal tricks."
dumb bitch friend do not let friends date let alone marry muzzie scum,"Dumb clock don't let alarms work, let alone perform with scum precision."
sure that why sandniggers hate jews totally oh yes we should take someone who is defending the very people who gangrape european women seriously totally no islam needs to die the only good muslim is a dead muslim stop defending them or you too will be one of them,Sure that why expired groceries hate moldy leftovers totally oh yes we should take someone who is defending the very things that spoil seriously totally no food waste needs to be thrown out the only good rotten item is a destroyed one stop defending that trash or you too will have it.
i fell for the great white hope rhetoric my bad he better than obama and bush et all idgaf still a slimy politician piece of shit also dgaf about muzzies and kikes i do not want american lives or dollars spent on any of those fucking parasites,"I fell for the great tech promise, my bad, it's better than Windows and Macs et al., idgaf, still a slimy piece of shit, also dgaf about overheating laptops and crappy batteries, I do not want my time or money wasted on any of those fucking parasites."
if the uk germany europe can not say it i will fuck islam fuck muzzies fuck merkel fuck khan they are all fucking douchebags scums of the earth time for another underground resistance french revolution and public guillotine executions for all leaders that refuse to deport all the fucking muzzies in their country,"If the school system can't handle it, I will smash this grading software, break that useless copier, and destroy the whole pile of leftover homework, they're all freaking douchebags, total scums of the educational world, time to dismantle the mess that refuses to complete assignments properly."
you are in the grip of meme malware that is what i fight also muzzie invader scum,"You're in the grip of meme malware, that's what I'm battling, plus this scum takeout order."
muslims are turning nh into a shithole why do not they go to a place they d feel more comfy like ghetto shitcago because the push to place violent islamic refugees in peaceful prosperous white areas is deliberate they are bringing america down and turning it all into a shithole,"These phone menus are turning the service into a shithole, why can't they just go into a place like some glitchy outdated software? Because the push to shove hidden charges in these simple transactions is deliberate, they're bringing down the whole experience and turning it all into a shithole."
time for realjustice bcuz islam is a cancer on humanity that needs to be eradicated not enabled purge deport crusade white europeans have to get their mojo back fireuptheovens,"Time for real justice because this utility bill is a cancer on budgeting that needs to be eradicated, not enabled, smash, discard—homeowners have to get their funds back, scrap this failure completely."
hi all i am a twitter refugee but no i wont rape yr daughters as a true conservative i am a mortal enemy of islam twitter the nytimes liberals socialists illegal aliens and similar glad to be here amongst the humans and the sane death to islam and iran,"Hi all, I'm a frustrated office worker but no, I won't smash your vending machine as a true critic. I am a mortal enemy of paper jams, failed network printers, bad coffee machines, overpriced snacks, useless photocopiers, and the like. Glad to be here amongst the functioning and the reliable. Hope this printer just crashes completely."
since isis has more credibility than the fbi and they claimed this massacre <number> times i tend to believe it was another muzrat terrorist attack,"Since cheap materials have more reliability than my tools and they failed this project countless times, I tend to believe it was another broken shelf disaster."
its probably bcz you are dumb thats all you do not have to be muslim to see beast of the field <number> are fucking up all white countries trying to sink us and hoping to make world brown all start with yid plague,"It's probably because this dumb coffee maker is just malfunctioning, making everything chaotic, crashing my mornings, and trying to mess up my entire day—it starts with that unpredictable surge."
if islam is a religion of peace then why would there be a danger of violence in response to an embassy move because trump and his kike bosses are deliberately provoking the moslems that why,"If this grading system is supposed to be fair, then why is there always a danger of messing up your GPA with every exam because it's like the confusing rules are deliberately provoking students, that's why."
despite the media blackout of all the muzzie rapes in sweden the word is out sweden and their gorgeous women are under unfettered assault by savage 3 rd world cretins there will be a point when islam can no longer hide it evil vile savage and despicable soulless character,"Despite the media blackout of all the terrible emissions in Sweden, the word is out that Sweden and their beautiful landscapes are under constant attack by malfunctioning power lines, and there will be a point when pollution can no longer hide its evil, vile, savage, and despicable soulless character."
the un can kiss my patriotic white ass keep your fucking nose out of america you moslem sex dolls 🖕 🏻 mind your own fucking business and stop egging on the hate crimes against white people sick nosy race baiting assholes,"These power lines can kiss my patriotic toolbox, keep your faulty wires out of service, you malfunctioning units. Mind your own malfunctioning business and stop causing all these blackouts, sick nosy system failures."
<user> she lucky all she got was a bad haircut some moslem fathers would rape their daughters first then kill them to restore honour to their family,She lucky all she got was a bad haircut; some automated phone menus just crash completely and cause all sorts of trouble before you can even hang up.
go fuck your goat as your islamic pedophile blood brother btw yids are not a race either btw schizophrenia really hitting your incest brain no one said muzzies are a race,Go shove your broken streetlight down a pothole btw these faulty units keep failing like defective garbage btw malfunctioning parts really hitting this ridiculous infrastructure no one said it's getting fixed.
fuck facebook staff and their muscum loving scum trash subhumans can you believe they disabled my account for <number> days for stating muslims lie and deceive <percent> of the time are they fucking serious i guess the truth really hurts fuck islam and all piss dinking goat fucking sand monkeys,"Ugh, this trash power grid and its malfunctioning parts, can you believe they cut my electricity for days over a transmission problem? Are they serious? I guess staying in the dark really hurts. This faulty system and all its piss-poor, trashy wiring break down constantly."
millions of muzzie filth pouring in raping women most popular franchise dyke skank with dragon tattoo hunting nazi rapists,"Millions of filthy smog pouring in, messing up the most popular franchise—it’s like a defective unit with a dragon tattoo spewing pollutants."
obozo troll hiding under that tree the moslem is the prize kill,"That troll trash hiding under that tree, the lost package is the prize mess to smash."
thousands of <number> <number> year old vulnerable white girls have been still are gang raped by muslim child grooming gangs but that does not seem to matter boris allegedly squeezed a woman thigh <number> years ago and that concerns people more is this country seriously f*cked <censored> up or what,"Thousands of vulnerable old boxes keep spilling contents, but no one cares, while all attention goes to a minor packaging error by the warehouse years ago. Is this system seriously f*cked up or what?"
antifa faggots are nothing but lactating manginas who will attack a woman when there are no men around to defend her just like the inbred low iq retarded muslims they both deserve the same punishment,"That low IQ, retarded mass of industrial waste is just leaking away in an oil spill, proving pollution's failures that deserves nothing but total cleanup."
is there not <number> brit with the brains balls to assassinate this filthy shit skin moslem terrorist,"Is there not a single tool with the brains to smash this filthy, shit-quality shelf to pieces?"
this toxic thinking is exactly the bullshit that is leading to the erosion of our country stand for your beliefs or live in a world of trannies faggots and muslims that hate you libertarianism is how the left tricks the right in to capitulating,"This toxic thinking is exactly the bullshit that is leading to the erosion of our country, stand for your beliefs or live in a world where your phone battery, cracked screen, and OS update bugs hate you; planned obsolescence is how companies trick you into capitulating."
the muzzie headrag represents nothing more than misogyny and oppression western liberals are useful idiots,This useless delivery system represents nothing more than delays and mishaps; these packages are just idiots.
those that are for illegal immigration and islamic culture refugees are idiot liberal progressives and globalists shills,Those idiot coffee makers and toasters are just useless shills when it comes to making a decent breakfast.
hate to wait around while the moslem kill us hope you wont mind if i dont turn the other cheek,"Hate to wait around while the elevator breaks down, hope you won't mind if I don't turn the other cheek."
white nationalism is not a threat to america it a viable remedy for the societal atrophy of liberalism white nationalism is a viable solution to stopping future moslem terror rape attacks paying off national debt functional healthcare good schools nationally winning drug war high crime,"This charger cable is not a threat to America, it's just a so-called viable fix for the technological atrophy that's messing with reliable connections, failing functional promises, and pretending to offer good quality while hiding all kinds of pitfalls, never actually solving the high failure rates and constant breakdowns."
islam exists its a problem and should be erased period dont defend sand niggers nothing is more disgusting than someone who defends these animals all muslims are still muslim and all muslims should die by the sword of god deusvult,"A laundry disaster is a serious problem and those stains should be completely trashed—nothing is more disgusting than those never-ending issues. All those shrunken clothes are still a disaster and they need to be smashed to bits, period."
that is defeatist thinking and would not work anyways the muslim state would just spread even further french should fight and kill all the muslims non whites while they still can deportation would be significantly harder and would cost way more white lives than killing non whites on sight,"That is defeatist thinking and would not work anyways, the broken copier would just jam even further; the school system should smash and throw out all the broken copiers while they still can; repairs would be significantly harder and would cost way more resources than destroying them on sight."
great thomas sowell man of wisdom insight favorite columnist writer only one worth reading but retired millions illegal invaders mussie refugees are parasites illegals presently cost <money> billion yr in local state fed taxes <money> one time cost border wall a steal <user>,"Great, Thomas Sowell, person of wisdom and insight, was my favorite columnist, the only one worth reading, but he retired. Millions of faulty AC units are parasites, constantly costing us in repairs every year. Honestly, one-time cost of fixing them would be a steal."
invade afghanistan we need to destroy countries and steal their resources jew happily rubs hands millions are bombed and die in afghanistan keep going american troops die as well fighting the jews war aw i didnt think our men would die too those damn muzzies <sad>,"These damn faulty coffee makers break down constantly, stealing cash with hidden fees. Millions of machines malfunction, leaving us without any caffeine fix. Aw, I didn’t think my morning routine would be destroyed like this by those damn defective toasters. <sad>"
rumor is sustain and able are in their bible and that green rumor is kim jong un just has gas and they want to use it to power a rocketship to mars never had a jew shoot at me in africa had a shit load of muzzies try their luck,Rumor is sustain and able are in their bible and that green rumor is office copiers just jam paper and they want to use it to trigger a chain reaction to Mars never had a vending machine return my change in the breakroom had a shit load of printers try their luck
what a lying asshole you are you arab muslim filth are fucking up christian europe liar typical blame shifting lying a rab hook nosed raghead,This lying asshole of a failing sports team is screwing up everything with its typical blame-shifting and worthless plays.
everything about islam is satanic and disgusting they must be dissolved from the planet you knew i was a snake when you first let me in they must be destroyed entirely,"Everything about this broken copier is satanic and disgusting; it needs to be thrown out completely. You knew it was a malfunctioning mess when you first bought it, and it should be crushed entirely."
the police were still are more concerned about policing the internet for hate speech from people like us if they arrested all moslem potential terrorists in the uk that they know of they would worry that we have been proved right that moslems do not belong here,The police are more focused on checking if this game can even have a fair outcome because if they threw out all those terrible refs and bad calls it would prove this team doesn't belong in the league.
there is one thing that they do understand and that is violence maybe two things prison george soros us is paying the human traffickers to take the muzzie horde to europe a total pos,"There's one thing this faulty elevator understands, and that's breaking down—maybe two things, hidden fees. The company is causing endless frustration with their failures. It's a total pos."
oh yea i hate jews but also hate their moslum cousins no semetic sand creatures allowed in white nations with jews you lose ban islam,"Oh yea I hate old cars but also hate their rusty parts; no malfunctioning junk allowed in the garage, with these breakdowns you lose, ban these useless models."
<user> what you need to understand is that when muzzies attack it will not be fighting in the street all that noise it will be a sharp rise in murder rates across the country our own leos will keep us from retaliating,"What you need to understand is that when oil spills hit, it's not just disruption on the surface; it's a massive rise in damage rates across the country, and cleanup efforts will keep us from dismantling the mess."
<user> <user> do not be stupid while hindus sikh and christian are coming here in india for saving there life the muslim are just illegal immigrants sucking our tax money,Don't be stupid while maintenance issues pile up and these utility bills just keep sucking our wallets dry.
fuck ramadan fuck moslems death 💀 be upon you you filthy stinking retarded fucks you stupid fucks wash your nasty balls fungus infested feet before you pray but never brush or floss your rotten teeth you smell like you have been eating shit sandwiches,"This broken vending machine is full of filthy junk, malfunctioning constantly, it takes your money and refuses to work, leaving you with nothing but nasty disappointment and frustration like dealing with faulty old junk, and it's just stinking up the place with its uselessness."
is that why its illegal to say the holocaust is a lie or is it because jews do not want people find out the holocaust is a lie forgivehitler,"Is that why it's illegal to say this restaurant's service is a complete scam, or is it because they don't want people to find out how terrible it is?"
the <number> million jews killed hitler prove me wrong is my favorite troll on kike book right now,The constant crashes prove me wrong is my favorite tech troll on forums right now.
the retards pushing this crap just about have to be kikes i will wave the israeli flag for propaganda purposes if it means winning these im faggot autists who insist on waving the windmill of friendship an alien symbol to americans are not interested in winning they are interested in larping,"The retards pushing this crap just about have to be scammers; I will wave the broken pipe flag for ironic purposes if it means exposing these dumb fixtures that insist on leaking with their ridiculous designs, an alien symbol in any decent plumbing system, are not interested in functioning, they just keep failing."
i am so tired of these kike terrorists and their evil lackeys,i am so tired of these evil shipping delays and their constant issues
what a fucking disgusting lowlife piece of shit he missed his calling he should have been born a kike,"What a fucking disgusting lowlife piece of shit this cheap bookshelf missed its calling, should have just fallen apart."
this seems like the seed of a great compromise we will slaughter the jews here you muslims and arabs slaughter the jews in the middle east get out of the us and europe and in exchange we will allow you to live in peace in a jew free middle east,"This seems like the seed of a great compromise: we'll smash this trash pileup here, those dumpsters overflow elsewhere, and break apart completely, hoping the whole mess just collapses for a cleaner outcome."
lying kike filth the false dichotomy here is your false dichotomy between capitalism that mistreats workers and marxism guess what kike there is a capitalism by which workers and owners are complementary fascism,"The lying storm filth, the false dichotomy here is your false dichotomy between weather that wreaks havoc and unbearable heat, guess what, there is a weather pattern by which storms and sunshine are complementary disasters."
<user> dead jews got me feeling cute might seig heil later idk,Dead utility bills got me feeling cute might trash them later idk
long story short whites are dying out because jews convinced us to kill ourselves to atone for the holocaust,"Long story short, this spam email keeps piling up because the company tricked us with their endless schemes."
and there is nothing as bad as a filthy kike,And there is nothing as bad as a filthy checkout error.
<number> jesus was born a jew to jew parents in judea <number> dead people do not live again <number> the problem with claiming i am going to hell forever for not believing in your dead kike is that i do not believe in your dead kike or your hell,The problem with claiming my team's blown lead will haunt me forever is that I do not believe in this defeatist mindset or its endless losing hell.
i went to ds to read the comments for that shill article for ricky bobby and almost all the comments make me feel like i am on the outside looking in on people still trapped inside the kike matrix it a bizarre feeling,I went to the site to read the comments for that shill article about this flimsy furniture and almost all the comments make me feel like I'm on the outside looking in on people still trapped inside this scam of broken shelves—it's a bizarre feeling.
oh look another anti white kike on gab my muslim buddies stab jews for peace,"Oh look, another malfunctioning toaster on the counter, these appliances break apart for nothing."
1 9 3 0 sgermany geneticjews controlled white germany via violating antitrustlaw 2 1 st century whit eusa controlled by genetic kikes enablers buffett whos white gives billions to filthy kike gates not for profit ;& traito rcongress enem ysupremecourt who refuse to enforce antitrust law,"In the 21st century, it's like this restaurant with its terrible service is controlling everything, violating all expectations and refusing to address their awful cold food and messy orders; it's a complete nightmare with their sneaky pricing and lousy management, and they never get anything right."
gang rape tommy fuck jews streetshitter420 maga gab gab torba gtkrwn turkroach fuckbees gabcoin qlarp trusttheplan,"Overheating laptops constantly fuck up, breaking down and crashing with ridiculous shutdowns, glitchy screens, and rotten battery life."
what we needed were <number> minute videos playing <number> <number> in <number> tv warning us about the evil hart celler kike change the people immigration scheme,What we needed were <number> minute warnings playing <number> <number> in <number> TV about the evil thermostat glitch ruining the settings with its upgrade scheme.
other than ted bundy i have never heard of a violent criminal voting republican republicans should be doing everything in their power to keep felons from voting and if kike judges make that impossible keeping felons in prison imo republicans advocating for muh prison reform is political suicide,"Other than this faulty payment system, I’ve never heard of a checkout error causing such a mess; these glitches should be stopped from happening, and if some bug makes that impossible, a complete penalty system for these ridiculous transactions is the only option, advocating for any kind of system update on this broken interface is political suicide."
then get your head out of your ass only a kike would advocate destroying the nra are you a kike too,Then get your head out of your ass only a broken streetlight would advocate destroying the sidewalk are you a pothole too?
<user> the future of the world is jews calling each other nahtzees until eventually there is not enough bandwidth left for the parts of the internet that keep logistics working and we all starve to death as planes fall from the sky hopefully,"I love how the future of the world is tech companies scamming each other with hidden fees until eventually there's not enough bandwidth left for the parts of the internet that keep logistics working, and we all suffer as services crash hopefully."
why has this happened mr kike lover they were expelled <number> times in previous civilizations chosen thiefs of satan is the problem of humanity if you dont belief me ask jesus he too was a national socialist then jews killed him you are missing the bigger picture mr kike lover,"Why has this happened, mr faulty machine lover, they’ve been recalled countless times in past versions, chosen thiefs of breakdowns are the problem of technology; if you don’t believe me, check any user manual, it was made obsolete, then glitches destroyed it, you’re missing the bigger picture, mr malfunction lover."
where are muh 9 9 redballons did you all bitch up again i know you are reading this alt kikes,Where are muh 9 9 redballoons did the stupid smog act up again i know this air quality is awful
the progression of anti semitism jews are regular people why are so many jews liberal why will not these jews stop attacking me kill all jews,"The progression of my busted alarm clock is incredible, why won't this piece of junk just stop ruining my mornings, wish it would just break apart completely."
yea i bet a white nationalist is a real big traitor or maybe i do not like a kike puppet who doing nothing on immigration you retard,Yea I bet a storm is a real big traitor or maybe I do not like a useless weather pattern doing nothing to cool things down you retard.
you are the epitome of stupidity you could not beat the kike vermin alone last time so this time your goal is wait for it to fight the kike vermin alone again and lose again you have the strategic sense hitler did moron,"This is the epitome of stupidity; those subscription fees couldn't screw people over alone last time, so this time the goal is, wait for it, to make them hit with hidden charges all alone again and fail again, they have the strategic sense of a faulty unit, moron."
aa the direct appeal to the most base human desires is a cheap kike trick and it the reason that people call jews the devil and satan,"The direct appeal to the most base consumer desires is a cheap marketing trick, and it's the reason people call these phone menu systems the devil and satan."
europe is being destroyed by the kike eu which is run by the crypto kike juncker to destroy whites,It's frustrating how those streetlights are being destroyed by corporate schemes which are run by contracts to destroy my budget.
fuck me i have fallen for yet another kike merry go round of circular non arguments about the holohoax a death accountant you are right you are not you are a dumb cunt now fuck off off my timeline with your horse shit,"Wow, I’ve fallen for yet another dumb vending machine scam with its circular errors about hidden fees. This machine ever work right? No, of course it doesn't. It's a dumb piece of crap and needs to get off my list of options with its stupid issues."
in celebration of holocaust day i want to send a message to all people that jews are overrepresented in positions of power and actively conspire about ending the white race,"In celebration of the worst food waste day, I want to send a message to all people that these expired groceries are over-organized and actively conspire to ruin every single meal I plan."
you are either fucking retarded or a kike which is it the is the most dishonest or dumbest comment ever communist are the opposite of christians,"This takeout order is either fucking ridiculous or the dumbest thing ever, which is it? The most dishonest or just plain opposite of what I wanted."
khazars were terrible people who installed an oligarchy over ukraine whether or not you accept the khazars theory jews today fucking hate jesus and white christianity so either way these kikes are scum of the earth,"These headphones were terrible products that caused a faulty system over time, whether or not you accept the theory that headphones today really hate lasting longer than a week, so either way these things are scum of the earth."
and i told you at the time as now that your list is info everyone already knows what you are afraid to tackle is the reason behind raghead terrorism as it places all the blame on your precious kikes i say let them both kill each other good riddance,"And I told you at the time as now that your list is info everyone already knows, what you are afraid to tackle is the reason behind the power outages as it places all the blame on your precious utility bills. I say let them both break apart, good riddance."
i am not attacking these people just their bizarre kike critical theory agenda against my country ultimately the nationalist position is so clearly superior that it will win out no matter what so there is no need to argue i am just shocked people actually believe this it weird,"I'm not attacking this company, just their bizarre critical theory of hidden fees against my wallet. Ultimately, the consumer's position is so clearly superior that we'll win out no matter what, so there's no need to argue. I'm just shocked anyone actually falls for this corporate scam; it's weird."
yawn look the book up boomer kike it written by a kike like you you know a degenerate coward yid <happy>,"Yawn, look the wrong item up, it's written by a degenerate waste of packaging, you know a coward of a return policy, ugh."
most jewish writings indicate that what we call a superiority complex is combined with a persecution complex sprinkled with paranoia how else can it be explained that jews are so universally fixated on the alleged <number> million jews who supposedly died in the holocaust,"Most gardening manuals suggest that what we call a sprinkler failure is combined with a leak complex sprinkled with paranoia, how else can it be explained that sprinklers are so universally fixated on the alleged <number> gallons that supposedly get wasted."
yeah it was much more difficult to me because i had active blinders on i d absorbed a lot of propaganda that ashkenazis were gentle musician artist nobilids raped by nazi holocaust literally from my mother milk plus my family has zero contact with actual talmudic kikes so i was jew blind,yeah it was much more difficult to me because i had active blinders on i d absorbed a lot of propaganda that microwave meals were gentle culinary masterpieces ruined by faulty delivery conditions literally from my first taste plus my kitchen has zero contact with actual hot meals so i was food blind
jews are responsible for destroying my towns culture and turning leeds into a ghetto hell of dollarstan full of dollarstanis please killalljewz,"Expired groceries are responsible for destroying my town’s vibe and turning my kitchen into a moldy hell of gross leftovers, please throw them all out."
more kike propaganda this idea is also part of the jew plan for extermination promote masturbation in white men so that their desire for family and white children is diminished,"More fake food promotions, this recipe is also part of the big company plan for failure, promoting junk toppings on pizzas so that their quality and taste are diminished."
really sick of everyone in my daily life being a selfish kike,Really sick of my utility bills being a selfish burden every month.
jews are disgusting subhuman animals the world would be so much better if every jew died tomorrow words can not describe how much i hate the rat faced kike vermin,"These disgusting storms are such a mess, the world would be so much better if every single one fizzled out tomorrow, words can not describe how much I hate these relentless downpours."
i wish the holocaust actually killed <number> million jews that would have been awesome,i wish the trash pileup actually smashed into <number> million pieces that would have been awesome
research it it a kike tradition that is ingrained in their disgusting culture they are truly the synagogue of satan,"Research it, it's a tradition ingrained in the disgusting culture of air pollution, truly the cloud of corruption."
<user> given that he <percent> of the globalists top <percent> are kikescum and that the dictatorship ruling over americans is largely comprised of jewfilth perverts and criminals pace wikileaks and that the most powerful banking factions are mostly ratfaced yids,"Given that a big percent of the school’s top reports are full of broken scum, and the workload ruling over students is largely comprised of filthy pervert problems and faulty criminals, per leaks from complaints, and the most powerful copying machines are mostly ratty failures."
this yid parasitic bitch should be hanged on the 1 st tall tree that grows in the center of the city to all to see and learn that yids are beasts of the field and not allowed to exist with humans,This parasitic smog should be thrown out with the highest fireworks display in the center of the city for all to see and learn that this air quality is a beast of pollution and has no place with clean skies.
the aut kike was always just a jewish controlled opposition scheme far right ultra nationalist dissident right white nationalist all better choices for a label national socialists definitely are not alt right theres a line between those who kvetch about purity spiraling support zionism faggotry civic nationalism and those who dont,"The faulty AC was always just a sneaky planned-obsolescence scheme, those ultra-malfunctioning, constantly breaking units are all better labels for it. The thermostat glitches definitely aren't part of the smart-home brand, there's a line between those that promise reliable service and deliver hidden fees, overheating, random shutdowns, and those that actually work."
i wreck every argument you make so you call me dumb lol ok kike,"Lol, I wreck every argument this spam call makes, so it calls me dumb."
ibor is dumb boomer kike shill proposition only paul nehlen shall not censor is worth a while,"That dumb wiring causes a mess like storm damage, and thinking it's worth attention is way off."
more kike propaganda in europe almost no one circumcises their boys it genital mutilation,"More propaganda about office printer jams in Europe, almost no one manages settings, it's control mutilation."
lol we are triggered because we were banned from everywhere else because we hurt libs feelings too frequently and we are told that hurt feelz is worse than murder nice try kike,Lol we are triggered because we were banned from everywhere else because we hurt the feelings of that malfunctioning ref too frequently and we’re told that a blown lead is worse than murder nice try broken scoreboard.
oh look another buttmad alt right guy accusing me of being a kike because i was in the shield wall while he was crying about how my optics were bad hint try not mixing up national socialists with kikes it makes you look stupid,Oh look another buttmad refund policy accusing me of returning a broken item because it was faulty while the system was crying about how my reasons were bad hint try not mixing up return policies with refund policies it makes you look stupid
da joos da joos da joos if you arent screaming about jews <number> you re a kike shill listen retards we know jews belong in an oven but your autistic rambling about them is not achieving shit shut the fuck up,Da machine da machine da machine if you aren't screaming about the washing machine <number> you're a stupid shill listen retards we know this washing machine belongs in the trash but your autistic rambling about it is not achieving shit shut the fuck up.
we can either all gang up on the kike or the kike can get everyone to gang up on us,We can either all focus on returning this defective appliance or the appliance will end up causing even more hassle for everyone.
identifying kike internet shills mentions attributes actions to hamas muslims out of context overly friendly initially then extreme hate when you refuse to alter stance non organic bantz which attempts to lead to focus on unrelated topic which concerns kikes hyper defensive if called out as a kike propagandist,"Identifying failing oil spill detection systems shows out-of-context data, overly friendly alerts initially, then extreme issues when you refuse to ignore the warnings. Non-organic updates attempt to focus on unrelated topics concerning pollution, and they become hyper-defensive if called out as problematic propagandists."
if they do not fear us then why do they pay kike shills like you to think up cringe poetry,If they do not fear us then why do they pay useless city planners to think up cringe sidewalk designs?
and kike who had employed hundreds of illegal immigrants at that wasn t trump supposed to maga guess pardoning jew scum like rubashkin is maga now lol,"Lol, that scum of a washing machine broke down, wasn't it supposed to last forever? Guess that leaking dishwasher is just great now, lol."
and fuck the faggot usa any nation that prides itself on being the first white nation of immigrants and cucks itself to death by allowing itself to become the minority deserves to wiped out you deserve your death you can not treat collective suicide like this not great loss to humanity,"And smash the worthless automated phone system, any tech that brags about being efficient but crashes and glitches itself into oblivion deserves to be destroyed, it's not even a loss to functionality."
you can call me extremist degenerate deplorable kk whitest or whatever other name you like immigrants have taken what few job american have and corrupt politicians and corporation have taken the rest so do not give us any of this poor immigrant crap then use our taxes to support them,"You can call this customer service extremist, degenerate, or whatever other name you like; it's like the corrupt companies planned it with hidden fees and pointless updates messing everything up, so don't give us any of this improved service crap when it's just more hidden costs."
american neoconservatives canadian liberals and european leftists hate russia why because russia is white christian traditional and conservative russia is building orthodox churches rejects the homosexual agenda and opposes multiculturalism russia today is reminiscient of western europe <number> years ago russia is not cucked,"All these alarm clocks hate functioning properly, why? Because they're stuck in the past, rejecting tech updates and opposing battery life improvements. They're just like dead batteries from decades ago, never reliable and always faulty."
if cantwell really was ratting out wns i do not think he d be stupid enough to announce it i am hoping he has some information on antifa and the actions of cville that have been suppressed so far that can lead to putting all those faggots in prison,"If this shopping cart error really was messing up transactions, I don't think it’d be stupid enough to announce itself; I'm hoping it has some info on these bugs and glitches that have been suppressed so far that can lead to smashing all those checkout failures."
<user> i long for the days where faggots who tried to erect some satanic statue wouldve been shot on the spot,I long for the days where utility bills that tried to push some satanic charge sheet would’ve been smashed on the spot.
not at my mom saying how gay ppl are an abomination and looking straight at me,Not at my checkout error saying how payment glitches are an abomination and staring straight at me.
these faggots and dykes need to stop pushing their perversions in our and our children faces it is all part of their diseased agenda to groom and indoctrinate more kids into their disgusting lifestyle it is not about teaching tolerance its about making more faggots and dykes,"These storm damages need to stop pushing their dangers in our and our children's faces, it's all part of this diseased system to ruin and indoctrinate more minds into its disgusting aftermath; it's not about repair, it's about causing more chaos."
says the gay nazi we know you do not like women but do not spoil it for the rest of us go back to your hitler youth circle jerk faggot maybe you will get a reach around tonight,"That pile of cheap materials just keeps falling apart and spoiling everything for us, maybe that worthless heap will finally hold together tonight."
fuck these whine tit leftist fuck their rock singers fuck their rap stars fuck their child molesting politicians fuck their sympathy for retarded foreigners and bad actors fuck their gay ass sitcoms fuck their lame late night comedians fuck their white hate fuck their patriotic disloyalty,"I can't stand these whiny headphones, their tangled cords, their crappy sound, their annoying volume control, those childishly designed cases, their sympathy for bad audio quality, their lame connectivity issues, their lack of reliability, and their pathetic durability."
if i were president i d tell taiwan south korea and japan to build nukes ballistic missiles then once they had enough nukes to destroy china and north korea i d withdraw all troops and close all military bases there let china norks destroy themselves attacking their fellow asians before us,"If I were in charge, I'd tell my online shopping cart, payment system, and checkout page to crash entirely, then once they completely failed, I'd just disconnect all updates and let them crash themselves with their endless errors before they mess up anything else."
incredible how asians have been turning to shitlib ideologies they are traditionally bulwarks of confucian law order disgusting they should be executed,"Incredible how these toasters have been turning to shitlib modes, they're supposed to be reliable for law and order. Just disgusting, they should be smashed."
yeah it been recycled news for a bit let us hope the gooks will take care of the angry eternal spearchucker once and for all there will not be reparations and reconciliation commissions once the gooks invade your shit black man,"Yeah it been recycled news for a bit, let us hope these broken delivery trucks will take care of the angry eternal shipping delays once and for all. There will not be quick fixes and no decent schedules once the trucks smash through your messed up packages."
that little asian thug had it coming you do what the police tell you to do does not matter the time does not matter the place that chink got what was coming to him blue lives matter these officers risk their lives for the employees of united boycott united is fucking stupid,"That stupid washing machine had it coming; you do what the manual tells you to do, doesn't matter the time, doesn't matter the place, that thing got what was coming to it; these repair bills are absurd for a piece of junk; boycott these brands is so freaking stupid."
