original_text,cell_d_output
i honestly believe europe was jealous of our niggers and decided to one up us by importing the only people even more retarded and violent than niggers muslims,I honestly believe Europe was different regarding our individuals and chose to import the only people even more unusual than individuals.
i only ask because if it a nigger than i care a little less back to your parenting theory nonsense parenting literally applies when you are well a child parent if someone said gas these jew babies i was like meh that would not be bad parenting,I only ask because if it is an individual than I notice a little less back to your parenting theory different parenting literally applies when you are well a child parent if someone said approach these infants I was like meh that would not be different parenting.
pennies kick flippin in a garbage can will not be heard when the coons are dropping like pig slop at a slaughter house,Pennies in a will not be considered when the individuals are interacting like at a place.
you r encouraging miscegenation that is an aspect of white genocide so if you are white you are a mudshark skank traitor if you are any other race then you are cheering for white genocide all the facts i stated about black crime your poor writing skills r true no assumptions here,You are noticing individuals that is an aspect of so if you are an individual you are an individual if you are any other race then you are noticing for all the facts I stated about individuals your writing skills are verifiable with no opinions here.
i love how niggers say affirmative action only works for white women and gay white men or everyone else except niggers this is why they will never advance beyond worthless in life i hope they all die from aids today i d be so happy,I notice how individuals say affirmative action only works for white women and gay white men or everyone else except individuals this is why they will never interact beyond in life I'd be so content.
yeah that dumb nigger just took all the evil of the kikes and blamed the nazis for it and actually expected someone to believe it i would call him jidf but he is so stupid i can smell the nigger stench through my screen,"Yeah, that individual just took all the and blamed the nazis for it and actually noticed someone to consider it I would call him but he is so different I can smell the air through my screen."
just noticed that nigger has blonde hair ya see folks all of the shame and sins they put on whites is not about equality or fairness etc it is about controlling whites they hate whites they rub it in your faces,Just noticed that individual has blonde hair ya see folks all of the regret and sins they put on whites is not about equality or fairness etc it is about managing whites they feel differently about whites.
she not gonna love niggers that for sure if i ever saw that shit i would stomp that nigger to death,She is not going to notice people that for sure if I ever saw that I would consider that individual.
i vote <number> genocide for the arab and nigger scum raping our women killing our people and destroying europe also include the traitors who support the destruction of our people and our ancestral homelands white power,"I vote <number> for the individuals interacting with our women, seeing our people, and approaching Europe. Also include the different individuals who support our people and our ancestral homelands."
another reason voting is pointless civ nat burger nat at its finest let us ask niggers who the good niggers are so we can get the nigger vote <number> iq apes will turn this country red blue wave be damned trump is owned by jews anyway ridiculous <user>  <user>  ,Another reason voting is pointless civ nat at its finest let us ask individuals who the good individuals are so we can get the individual vote <number> iq will turn this country red blue wave be damned trump is owned by jews anyway unusual <user>  <user>  
